Time (ms),X dist,X duty,X freq,Y dist,Y freq, X accel, X decel, Y accel, Y decel
0,0,0,0,0,0,0,0,0,0
560489,0,0,0,0,0,0,0,0,0
1121180,0,0,0,0,0,0,0,0,0
1682073,0,0,0,0.001389,0,0,0,0,0
2243172,0,0,0,0.001389,0,0,0,0,0
2804470,0,0,0,0.001389,0,0,0,0,0
3365970,0,0,0,0.001389,0,0,0,0,0
3927672,0,0,0,0,0,0,0,0,0
4489576,0,0,0,0,0,0,0,0,0
5051682,0,0,0,0,0,0,0,0,0
5614000,0,0,0,0,0,0,0,0,0
6176511,0,0,0,0.001389,0,0,0,0,0
6739248,0,0,0,0.001389,0,0,0,0,0
7302165,0,0,0,0.001389,0,0,0,0,0
7865298,0,0,0,0.001389,0,0,0,0,0
8428635,0,0,0,0,0,0,0,0,0
8992176,0,0,0,0,0,0,0,0,0
9555921,0,0,0,0,0,0,0,0,0
10119888,0,0,0,0,0,0,0,0,0
10684042,0,0,0,0.001389,0,0,0,0,0
11248440,0,0,0,0.002778,0,0,0,0,0
11813004,0,0,0,0.002778,0,0,0,0,0
12377794,0,0,0,0.001389,0,0,0,0,0
12942790,0,0,0,0,0,0,0,0,0
13507992,0,0,0,0,0,0,0,0,0
14073400,0,0,0,0,0,0,0,0,0
14639040,0,0,0,0.001389,0,0,0,0,0
15204861,0,0,0,0.001389,0,0,0,0,0
15770916,0,0,0,0.002778,0,0,0,0,0
16337150,0,0,0,0.002778,0,0,0,0,0
16903590,0,0,0,0.001389,0,0,0,0,0
17470298,0,0,0,0,0,0,0,0,0
18037152,0,0,0,0,0,0,0,0,0
18604245,0,0,0,0,0,0,0,0,0
19171580,0,0,0,0,0,0,0,0,0
19739090,0,0,0,0.001389,0,0,0,0,0
20306880,0,0,0,0.002778,0,0,0,0,0
20874808,0,0,0,0.002778,0,0,0,0,0
21442944,0,0,0,0.001389,0,0,0,0,0
22011327,0,0,0,0,0,0,0,0,0
22579880,0,0,0,0,0,0,0,0,0
23148723,0,0,0,0,0,0,0,0,0
23717694,0,0,0,0,0,0,0,0,0
24286916,0,0,0,0.001389,0,0,0,0,0
24856392,0,0,0,0.002778,0,0,0,0,0
25426035,0,0,0,0.002778,0,0,0,0,0
25995888,0,0,0,0.001389,0,0,0,0,0
26565998,0,0,0,0,0,0,0,0,0
27136272,0,0,0,0,0,0,0,0,0
27706854,0,0,0,0,0,0,0,0,0
28277550,0,0,0,0,0,0,0,0,0
28848507,0,0,0,0.001389,0,0,0,0,0
29419728,0,0,0,0.001389,0,0,0,0,0
29991110,0,0,0,0.002778,0,0,0,0,0
30562704,0,0,0,0.001389,0,0,0,0,0
31134565,0,0,0,0,0,0,0,0,0
31706584,0,0,0,0,0,0,0,0,0
32278929,0,0,0,0,0,0,0,0,0
32851374,0,0,0,0,0,0,0,0,0
33424090,0,0,0,0.001389,0,0,0,0,0
33997020,0,0,0,0.002778,0,0,0,0,0
34570164,0,0,0,0.002778,0,0,0,0,0
35143584,0,0,0,0.001389,0,0,0,0,0
35717157,0,0,0,0,0,0,0,0,0
36290944,0,0,0,0,0,0,0,0,0
36865075,0,0,0,0,0,0,0,0,0
37439292,0,0,0,0,0,0,0,0,0
38013723,0,0,0,0.001389,0,0,0,0,0
38588436,0,0,0,0.002778,0,0,0,0,0
39163365,0,0,0,0.002778,0,0,0,0,0
39738580,0,0,0,0.001389,0,0,0,0,0
40313942,0,0,0,0,0,0,0,0,0
40889520,0,0,0,0,0,0,0,0,0
41465387,0,0,0,0,0,0,0,0,0
42041398,0,0,0,0,0,0,0,0,0
42617700,0,0,0,0.001389,0,0,0,0,0
43194220,0,0,0,0.002778,0,0,0,0,0
43770958,0,0,0,0.002778,0,0,0,0,0
44347992,0,0,0,0.001389,0,0,0,0,0
44925088,0,0,0,0,0,0,0,0,0
45502480,0,0,0,0,0,0,0,0,0
46080090,0,0,0,0,0,0,0,0,0
46657918,0,0,0,0.001389,0,0,0,0,0
47236047,0,0,0,0.001389,0,0,0,0,0
47814312,0,0,0,0.002778,0,0,0,0,0
48392795,0,0,0,0.002778,0,0,0,0,0
48971582,0,0,0,0.001389,0,0,0,0,0
49550502,0,0,0,0,0,0,0,0,0
50129728,0,0,0,0,0,0,0,0,0
50709263,0,0,0,0,0,0,0,0,0
51288930,0,0,0,0.001389,0,0,0,0,0
51868908,0,0,0,0.001389,0,0,0,0,0
52449016,0,0,0,0.002778,0,0,0,0,0
53029437,0,0,0,0.002778,0,0,0,0,0
53610080,0,0,0,0.001389,0,0,0,0,0
54190945,0,0,0,0.001389,0,0,0,0,0
54772032,0,0,0,0,0,0,0,0,0
55353244,0,0,0,-0.001389,0,0,0,0,0
55934774,0,0,0,-0.001389,0,0,0,0,0
56516526,0,0,0,-0.001389,0,0,0,0,0
57098600,0,0,0,-0.001389,0,0,0,0,0
57680797,0,0,0,0,0,0,0,0,0
58263318,0,0,0,0,0,0,0,0,0
58846063,0,0,0,0.001389,0,0,0,0,0
59429032,0,0,0,0.002778,0,0,0,0,0
60012225,0,0,0,0.002778,0,0,0,0,0
60595642,0,0,0,0.001389,0,0,0,0,0
61179283,0,0,0,0,0,0,0,0,0
61763256,0,0,0,0,0,0,0,0,0
62347455,0,0,0,0,0,0,0,0,0
62931770,0,0,0,0.001389,0,0,0,0,0
63516309,0,0,0,0.001389,0,0,0,0,0
64101184,0,0,0,0.002778,0,0,0,0,0
64686172,0,0,0,0.002778,0,0,0,0,0
65271498,0,0,0,0.001389,0,0,0,0,0
65857050,0,0,0,0,0,0,0,0,0
66442828,0,0,0,0,0,0,0,0,0
67028949,0,0,0,0,0,0,0,0,0
67615180,0,0,0,0.001389,0,0,0,0,0
68201756,0,0,0,0.001389,0,0,0,0,0
68788440,0,0,0,0.002778,0,0,0,0,0
69375471,0,0,0,0.002778,0,0,0,0,0
69962730,0,0,0,0.001389,0,0,0,0,0
70550217,0,0,0,0.001389,0,0,0,0,0
71137932,0,0,0,0,0,0,0,0,0
71725875,0,0,0,-0.001389,0,0,0,0,0
72314046,0,0,0,-0.001389,0,0,0,0,0
72902572,0,0,0,-0.001389,0,0,0,0,0
73491200,0,0,0,-0.001389,0,0,0,0,0
74080185,0,0,0,0,0,0,0,0,0
74669270,0,0,0,0.001389,0,0,0,0,0
75258714,0,0,0,0.001389,0,0,0,0,0
75848388,0,0,0,0.002778,0,0,0,0,0
76438292,0,0,0,0.002778,0,0,0,0,0
77028426,0,0,0,0.001389,0,0,0,0,0
77618790,0,0,0,0,0,0,0,0,0
78209520,0,0,0,0,0,0,0,0,0
78800345,0,0,0,0,0,0,0,0,0
79391538,0,0,0,0.001389,0,0,0,0,0
79983102,0,0,0,0.001389,0,0,0,0,0
80574620,0,0,0,0.002778,0,0,0,0,0
81166509,0,0,0,0.002778,0,0,0,0,0
81758630,0,0,0,0.001389,0,0,0,0,0
82350983,0,0,0,0,0,0,0,0,0
82943856,0,0,0,0,0,0,0,0,0
83536675,0,0,0,0,0,0,0,0,0
84130018,0,0,0,0,0,0,0,0,0
84723303,0,0,0,0.001389,0,0,0,0,0
85316968,0,0,0,0.002778,0,0,0,0,0
85910718,0,0,0,0.002778,0,0,0,0,0
86504850,0,0,0,0.001389,0,0,0,0,0
87099216,0,0,0,0,0,0,0,0,0
87693816,0,0,0,0,0,0,0,0,0
88288650,0,0,0,0,0,0,0,0,0
88883872,0,0,0,0.001389,0,0,0,0,0
89479175,0,0,0,0.001389,0,0,0,0,0
90074868,0,0,0,0.002778,0,0,0,0,0
90670640,0,0,0,0.002778,0,0,0,0,0
91266804,0,0,0,0.001389,0,0,0,0,0
91863204,0,0,0,0,0,0,0,0,0
92459840,0,0,0,0,0,0,0,0,0
93056712,0,0,0,0,0,0,0,0,0
93653820,0,0,0,0.001389,0,0,0,0,0
94251164,0,0,0,0.001389,0,0,0,0,0
94848908,0,0,0,0.002778,0,0,0,0,0
95446725,0,0,0,0.002778,0,0,0,0,0
96044944,0,0,0,0.001389,0,0,0,0,0
96643401,0,0,0,0,0,0,0,0,0
97242096,0,0,0,0,0,0,0,0,0
97841198,0,0,0,0,0,0,0,0,0
98440370,0,0,0,0.001389,0,0,0,0,0
99039780,0,0,0,0.001389,0,0,0,0,0
99639428,0,0,0,0.002778,0,0,0,0,0
100239314,0,0,0,0.002778,0,0,0,0,0
100839612,0,0,0,0.001389,0,0,0,0,0
101439975,0,0,0,0,0,0,0,0,0
102040752,0,0,0,0,0,0,0,0,0
102641946,0,0,0,0,0,0,0,0,0
103243026,0,0,0,0.001389,0,0,0,0,0
103844523,0,0,0,0.001389,0,0,0,0,0
104446620,0,0,0,0.002778,0,0,0,0,0
105048599,0,0,0,0.002778,0,0,0,0,0
105650818,0,0,0,0.001389,0,0,0,0,0
106253643,0,0,0,0,0,0,0,0,0
106856344,0,0,0,0,0,0,0,0,0
107459470,0,0,0,0,0,0,0,0,0
108062838,0,0,0,0,0,0,0,0,0
108666448,0,0,0,0.001389,0,0,0,0,0
109270300,0,0,0,0.002778,0,0,0,0,0
109874394,0,0,0,0.002778,0,0,0,0,0
110478730,0,0,0,0.001389,0,0,0,0,0
111083499,0,0,0,0,0,0,0,0,0
111688320,0,0,0,0,0,0,0,0,0
112293769,0,0,0,0,0,0,0,0,0
112899076,0,0,0,0.001389,0,0,0,0,0
113504820,0,0,0,0.001389,0,0,0,0,0
114110808,0,0,0,0.002778,0,0,0,0,0
114717040,0,0,0,0.002778,0,0,0,0,0
115323516,0,0,0,0.001389,0,0,0,0,0
115930236,0,0,0,0,0,0,0,0,0
116537200,0,0,0,0,0,0,0,0,0
117144408,0,0,0,0,0,0,0,0,0
117752062,0,0,0,0.001389,0,0,0,0,0
118359962,0,0,0,0.001389,0,0,0,0,0
118968108,0,0,0,0.002778,0,0,0,0,0
119576500,0,0,0,0.002778,0,0,0,0,0
120185138,0,0,0,0.001389,0,0,0,0,0
120794022,0,0,0,0,0,0,0,0,0
121403152,0,0,0,0,0,0,0,0,0
122012528,0,0,0,0,0,0,0,0,0
122622360,0,0,0,0.001389,0,0,0,0,0
123232440,0,0,0,0.001389,0,0,0,0,0
123842556,0,0,0,0.002778,0,0,0,0,0
124453131,0,0,0,0.002778,0,0,0,0,0
125064168,0,0,0,0.001389,0,0,0,0,0
125675025,0,0,0,0.001389,0,0,0,0,0
126286344,0,0,0,0,0,0,0,0,0
126897911,0,0,0,-0.001389,0,0,0,0,0
127509944,0,0,0,-0.002778,0,0,0,0,0
128122227,0,0,0,-0.001389,0,0,0,0,0
128734540,0,0,0,-0.001389,0,0,0,0,0
129347543,0,0,0,0,0,0,0,1000,0
129960354,0,0,0,0.001389,0,0,0,1000,0
130573636,0,0,0,0.001389,0,0,0,1000,0
131187168,0,0,0,0.002778,0,0,0,1000,0
131800950,0,0,0,0.002778,0,0,0,1000,0
132414982,0,0,0,0.001389,0,0,0,1000,0
133029718,0,0,0,0.001389,0,0,0,1000,0
133644252,0,0,0,0,0,0,0,1000,0
134259036,0,0,0,-0.001389,0,0,0,1000,0
134874300,0,0,0,-0.002778,0,0,0,1000,0
135490047,0,0,0,-0.001389,0,0,0,1000,0
136105584,0,0,0,-0.001389,0,0,0,1000,0
136721604,0,0,0,0,0,0,0,1000,0
137337876,0,0,0,0.001389,0,0,0,1000,0
137954870,0,0,0,0.002778,0,0,0,1000,0
138571648,0,0,0,0.002778,0,0,0,1000,0
139188678,0,0,0,0.002778,0,0,0,1000,0
139806436,0,0,0,0.002778,0,0,0,1000,0
140423972,0,0,0,0.001389,0,0,0,1000,0
141042000,0,0,0,0,0,0,0,1000,0
141660282,0,0,0,-0.001389,0,0,0,1000,0
142278818,0,0,0,-0.001389,0,0,0,1000,0
142897608,0,0,0,-0.001389,0,0,0,1000,0
143516896,0,0,0,-0.001389,0,0,0,1000,0
144136440,0,0,0,0,0,0,0,1000,0
144755994,0,0,0,0.001389,0,0,0,1000,0
145376296,0,0,0,0.002778,0,0,0,1000,1000
145996360,0,0,0,0.002778,0,0,0,1000,1000
146616927,0,0,0,0.002778,0,0,0,1000,1000
147237750,0,0,0,0.002778,0,0,0,1000,1000
147859080,0,0,0,0.001389,0,0,0,1000,1000
148480416,0,0,0,0,0,0,0,1000,1000
149102008,0,0,0,-0.001389,0,0,0,1000,1000
149724110,0,0,0,-0.001389,0,0,0,1000,1000
150346470,0,0,0,-0.001389,0,0,0,1000,1000
150969088,0,0,0,-0.001389,0,0,0,1000,1000
151592221,0,0,0,0,0,10,0,1000,1000
152215098,0,0,0,0.001389,0,10,0,1000,1000
152838749,0,0,0,0.002778,0,10,0,1000,1000
153462660,0,0,0,0.002778,0,10,0,1000,1000
154086570,0,0,0,0.002778,0,10,0,1000,1000
154710738,0,0,0,0.002778,0,10,0,1000,1000
155335690,0,0,0,0.001389,0,10,0,1000,1000
155960376,0,0,0,0,0,10,0,1000,1000
156585850,0,0,0,-0.001389,0,10,0,1000,1000
157211320,0,0,0,-0.001389,0,10,0,1000,1000
157837050,0,0,0,-0.001389,0,10,0,1000,1000
158463308,0,0,0,-0.001389,0,10,0,1000,1000
159090097,0,0,0,0,0,10,0,1000,1000
159716610,0,0,0,0.001389,0,10,0,1000,1000
160343383,0,0,0,0.002778,0,10,0,1000,1000
160970688,0,0,0,0.002778,0,10,0,1000,1000
161598255,0,0,0,0.002778,0,10,0,1000,1000
162226358,0,0,0,0.002778,0,10,0,1000,1000
162854450,0,0,0,0.001389,0,10,10,1000,1000
163483080,0,0,0,0,0,10,10,1000,1000
164111974,0,0,0,-0.001389,0,10,10,1000,1000
164740854,0,0,0,-0.002778,0,10,10,1000,1000
165370275,0,0,0,-0.001389,0,10,10,1000,1000
165999960,0,0,0,-0.001389,0,10,10,1000,1000
166629909,0,0,0,0,0,10,10,1000,1000
167260122,0,0,0,0.001389,0,10,10,1000,1000
167890599,0,0,0,0.002778,0,10,10,1000,1000
168521624,0,0,0,0.002778,0,10,10,1000,1000
169153200,0,0,0,0.002778,0,10,10,1000,1000
169784472,0,0,0,0.001389,0,10,10,1000,1000
170416008,0,0,0,0.001389,0,10,10,1000,1000
171048096,0,0,0,0,0,10,10,1000,1000
171680739,0,0,0,-0.001389,0,10,10,1000,1000
172313070,0,0,0,-0.002778,0,10,10,1000,1000
172945956,0,0,0,-0.001389,0,10,10,1000,1000
173579108,0,0,0,-0.001389,0,10,10,1000,1000
174212819,0,0,0,0,0,10,10,1000,1000
174846798,0,0,0,0.001389,0,10,10,1000,1000
175481045,0,0,0,0.002778,0,10,10,1000,1000
176115560,0,0,0,0.002778,0,10,10,1000,1000
176750640,0,0,0,0.002778,0,10,10,1000,1000
177385692,0,0,0,0.001389,0,10,10,1000,1000
178021012,0,0,0,0.001389,0,10,10,1000,1000
178656900,0,0,0,0,0,10,10,1000,1000
179293058,0,0,0,-0.001389,0,10,10,1000,1000
179929184,0,0,0,-0.002778,0,10,10,1000,1000
180566184,0,0,0,-0.002778,0,10,10,1000,1000
181202848,0,0,0,-0.001389,0,10,10,1000,1000
181840085,0,0,0,0,0,10,10,1000,1000
182477592,0,0,0,0.001389,0,10,10,1000,1000
183115369,0,0,0,0.001389,0,10,10,1000,1000
183753416,0,0,0,0.002778,0,10,10,1000,1000
184391733,0,0,0,0.002778,0,10,10,1000,1000
185030940,0,0,0,0.001389,0,10,10,1000,1000
185669799,0,0,0,0,0,10,10,1000,1000
186309240,0,0,0,0,0,10,10,1000,1000
186948953,0,0,0,0,0,10,10,1000,1000
187588938,0,0,0,0.001389,0,10,10,1000,1000
188229195,0,0,0,0.001389,0,10,10,1000,1000
188869724,0,0,0,0.002778,0,10,10,1000,1000
189511159,0,0,0,0.002778,0,10,10,1000,1000
190152234,0,0,0,0.001389,0,10,10,1000,1000
190793900,0,0,0,0,0,10,10,1000,1000
191435840,0,0,0,0,0,10,10,1000,1000
192078375,0,0,0,0,0,10,10,1000,1000
192721186,0,0,0,0,0,10,10,1000,1000
193364273,0,0,0,0.001389,0,10,10,1000,1000
194007312,0,0,0,0.002778,0,10,10,1000,1000
194650625,0,0,0,0.002778,0,10,10,1000,1000
195294538,0,0,0,0.001389,0,10,10,1000,1000
195938727,0,0,0,0,0,10,10,1000,1000
196583192,0,0,0,0,0,10,10,1000,1000
197227933,0,0,0,0,0,10,10,1000,1000
197872950,0,0,0,0.001389,0,10,10,1000,1000
198518243,0,0,0,0.001389,0,10,10,1000,1000
199163812,0,0,0,0.002778,0,10,10,1000,1000
199810323,0,0,0,0.002778,0,10,10,1000,1000
200456446,0,0,0,0.001389,0,10,10,1000,1000
201102845,0,0,0,0,0,10,10,1000,1000
201749856,0,0,0,0,0,10,10,1000,1000
202397482,0,0,0,0,0,10,10,1000,1000
203045050,0,0,0,0.001389,0,10,10,1000,1000
203693574,0,0,0,0.001389,0,10,10,1000,1000
204341700,0,0,0,0.002778,0,10,10,1000,1000
204990104,0,0,0,0.002778,0,10,10,1000,1000
205639128,0,0,0,0.001389,0,10,10,1000,1000
206289118,0,0,0,0,0,10,10,1000,1000
206939048,0,0,0,-0.001389,0,10,10,1000,1000
207588915,0,0,0,0,0,10,10,1000,1000
208239408,0,0,0,0,0,10,10,1000,1000
208890183,0,0,0,0.001389,0,10,10,1000,1000
209541240,0,0,0,0.002778,1000,10,10,1000,1000
210192928,0,0,0,-0.018056,1000,10,10,1000,1000
210844200,0,0,0,-0.040278,2000,10,10,1000,1000
211496103,0,0,0,0.002778,2000,10,10,1000,1000
212148288,0,0,0,0.044444,3000,10,10,1000,1000
212800755,0,0,0,-0.016667,3000,10,10,1000,1000
213453504,0,0,0,-0.083333,4000,10,10,1000,1000
214106535,0,0,0,0.002778,4000,10,10,1000,1000
214759848,0,0,0,0.090278,5000,10,10,1000,1000
215414157,0,0,0,-0.016667,5000,10,10,1000,1000
216068036,0,0,0,-0.127778,6000,10,10,1000,1000
216722915,0,0,0,0.002778,6000,10,10,1000,1000
217377720,0,0,0,0.133333,7000,10,10,1000,1000
218032809,0,0,0,-0.018056,7000,10,10,1000,1000
218688544,0,0,0,-0.173611,8000,10,10,1000,1000
219344565,0,0,0,0.004167,8000,10,10,1000,1000
220000872,0,0,0,0.180556,9000,10,10,1000,1000
220657465,0,0,0,-0.016667,9000,10,10,1000,1000
221314710,0,0,0,-0.215278,10000,10,10,1000,1000
221971509,0,0,0,0.005556,10000,10,10,1000,1000
222628960,0,0,0,0.222222,10000,10,10,1000,1000
223286697,0,0,0,0.001389,10000,10,10,1000,1000
223944720,0,0,0,-0.215278,10000,10,10,1000,1000
224603029,0,0,0,-0.440278,10000,10,10,1000,1000
225262368,0,0,0,-0.666667,10000,10,10,1000,1000
225921251,0,0,0,-0.445833,10000,10,10,1000,1000
226581168,0,0,0,-0.219444,10000,10,10,1000,1000
227241000,0,0,0,0.002778,10000,10,10,1000,1000
227901120,0,0,0,0.231944,10000,10,10,1000,1000
228561528,0,0,0,0.0125,10000,10,10,1000,1000
229222224,0,0,0,-0.215278,10000,10,10,1000,1000
229883587,0,0,0,-0.434722,10000,10,10,1000,1000
230545240,0,0,0,-0.666667,10000,10,10,1000,1000
231207183,0,0,0,-0.445833,10000,10,10,1000,1000
231869416,0,0,0,-0.218056,10000,10,10,1000,1000
232531939,0,0,0,0.011111,10000,10,10,1000,1000
233195136,0,0,0,0.231944,10000,10,10,1000,1000
233858240,0,0,0,0.013889,10000,10,10,1000,1000
234521634,0,0,0,-0.216667,10000,10,10,1000,1000
235185318,0,0,0,-0.440278,10000,10,10,1000,1000
235850068,0,0,0,-0.665278,10000,10,10,1000,1000
236514334,0,0,0,-0.445833,10000,10,10,1000,1000
237179280,0,0,0,-0.218056,10000,10,10,1000,1000
237844518,0,0,0,0.0125,10000,10,10,1000,1000
238510048,0,0,0,0.2375,10000,10,10,1000,1000
239175870,0,0,0,0.011111,10000,10,10,1000,1000
239842772,0,0,0,-0.213889,10000,10,10,1000,1000
240509180,0,0,0,-0.444444,10000,10,10,1000,1000
241177464,0,0,0,-0.676389,10000,10,10,1000,1000
241844460,0,0,0,-0.445833,10000,10,10,1000,1000
242512146,0,0,0,-0.220833,10000,10,10,1000,1000
243180126,0,0,0,0.009722,10000,10,10,1000,1000
243848400,0,0,0,0.236111,10000,10,10,1000,1000
244516968,0,0,0,0.0125,10000,10,10,1000,1000
245186634,0,0,0,-0.215278,10000,10,10,1000,1000
245855792,0,0,0,-0.445833,10000,10,10,1000,1000
246525648,0,0,0,-0.677778,10000,10,10,1000,1000
247195800,0,0,0,-0.455556,10000,10,10,1000,1000
247866248,0,0,0,-0.222222,10000,10,10,1000,1000
248536992,0,0,0,0.011111,10000,10,10,1000,1000
249208032,0,0,0,0.241667,10000,10,10,1000,1000
249879368,0,0,0,0.011111,10000,10,10,1000,1000
250551410,0,0,0,-0.216667,10000,10,10,1000,1000
251223750,0,0,0,-0.447222,10000,10,10,1000,1000
251895976,0,0,0,-0.683333,10000,10,10,1000,1000
252568911,0,0,0,-0.456944,10000,10,10,1000,1000
253242144,0,0,0,-0.225,10000,10,10,1000,1000
253916090,0,0,0,0.011111,10000,10,10,1000,1000
254589920,0,0,0,0.240278,10000,10,10,1000,1000
255264048,0,0,0,0.0125,10000,10,10,1000,1000
255938892,0,0,0,-0.216667,10000,10,10,1000,1000
256614036,0,0,0,-0.452778,10000,10,10,1000,1000
257289480,0,0,0,-0.686111,10000,10,10,1000,1000
257965224,0,0,0,-0.455556,10000,10,10,1000,1000
258641268,0,0,0,-0.222222,10000,10,10,1000,1000
259318035,0,0,0,0.0125,10000,10,10,1000,1000
259995104,0,0,0,0.248611,10000,10,10,1000,1000
260672900,0,0,0,0.016667,10000,10,10,1000,1000
261350148,0,0,0,-0.215278,10000,10,10,1000,1000
262028550,0,0,0,-0.455556,10000,10,10,1000,1000
262706400,0,0,0,-0.688889,10000,10,10,1000,1000
263385408,0,0,0,-0.455556,10000,10,10,1000,1000
264064720,0,0,0,-0.223611,10000,10,10,1000,1000
264744336,0,0,0,0.0125,10000,10,10,1000,1000
265424256,0,0,0,0.251389,10000,10,10,1000,1000
266104913,0,0,0,0.022222,10000,10,10,1000,1000
266785008,0,0,0,-0.215278,10000,10,10,1000,1000
267466275,0,0,0,-0.455556,10000,10,10,1000,1000
268147412,0,0,0,-0.695833,10000,10,10,1000,1000
268829290,0,0,0,-0.456944,10000,10,10,1000,1000
269511912,0,0,0,-0.220833,10000,10,10,1000,1000
270193964,0,0,0,0.018056,10000,10,10,1000,1000
270876320,0,0,0,0.252778,10000,10,10,1000,1000
271559421,0,0,0,0.022222,10000,10,10,1000,1000
272243270,0,0,0,-0.216667,10000,10,10,1000,1000
272926984,0,0,0,-0.455556,10000,10,10,1000,1000
273611004,0,0,0,-0.697222,10000,10,10,1000,1000
274295330,0,0,0,-0.461111,10000,10,10,1000,1000
274979962,0,0,0,-0.223611,10000,10,10,1000,1000
275665794,0,0,0,0.015278,10000,10,10,1000,1000
276351040,0,0,0,0.255556,10000,10,10,1000,1000
277037041,0,0,0,0.022222,10000,10,10,1000,1000
277723350,0,0,0,-0.215278,10000,10,10,1000,1000
278409967,0,0,0,-0.455556,10000,10,10,1000,1000
279097796,0,0,0,-0.698611,10000,10,10,1000,1000
279785484,0,0,0,-0.943056,10000,10,10,1000,1000
280473028,0,0,0,-1.186111,10000,10,10,1000,1000
281161335,0,0,0,-1.427778,10000,10,10,1000,1000
281849952,0,0,0,-1.668056,10000,10,10,1000,1000
282538879,0,0,0,-1.911111,10000,10,10,1000,1000
283228574,0,0,0,-2.156944,10000,10,10,1000,1000
283918122,0,0,0,-2.395833,10000,10,10,1000,1000
284607980,0,0,0,-2.6375,10000,10,10,1000,1000
285298609,0,0,0,-2.881944,10000,10,10,1000,1000
285989550,0,0,0,-3.126389,10000,10,10,1000,1000
286680803,0,0,0,-3.369444,10000,10,10,1000,1000
287371904,0,0,0,-3.616667,10000,10,10,1000,1000
288064245,0,0,0,-3.856944,10000,10,10,1000,1000
288756434,0,0,0,-4.102778,10000,10,10,1000,1000
289449402,0,0,0,-4.345833,10000,10,10,1000,1000
290142684,0,0,0,-4.593056,10000,10,10,1000,1000
290836749,0,0,0,-4.834722,10000,10,10,1000,1000
291530190,0,0,0,-5.083333,10000,10,10,1000,1000
292239015,0,0,0,-5.376389,10000,10,10,1000,1000
292950104,0,0,0,-5.676389,10000,10,10,1000,1000
293660631,0,0,0,-5.977778,10000,10,10,1000,1000
294367746,0,0,0,-6.256944,10000,10,10,1000,1000
295063825,0,0,0,-6.505556,10000,10,10,1000,1000
295760220,0,0,0,-6.751389,10000,10,10,1000,1000
296456931,0,0,0,-6.994444,10000,10,10,1000,1000
297153958,0,0,0,-7.245833,10000,10,10,1000,1000
297851301,0,0,0,-7.493056,10000,10,10,1000,1000
298548480,0,0,0,-7.7375,10000,10,10,1000,1000
299246454,0,0,0,-7.9875,10000,10,10,1000,1000
299944744,0,0,0,-8.234722,10000,10,10,1000,1000
300643350,0,0,0,-8.476389,10000,10,10,1000,1000
301342756,0,0,0,-8.725,10000,10,10,1000,1000
302042480,0,0,0,-8.975,10000,10,10,1000,1000
302742522,0,0,0,-9.226389,10000,10,10,1000,1000
303442882,0,0,0,-9.475,10000,10,10,1000,1000
304144048,0,0,0,-9.719444,10000,10,10,1000,1000
304845534,0,0,0,-9.969444,10000,10,10,1000,1000
305546850,0,0,0,-10.220833,10000,10,10,1000,1000
306248975,0,0,0,-10.468056,10000,10,10,1000,1000
306951420,0,0,0,-10.716667,10000,10,10,1000,1000
307655171,0,0,0,-10.972222,10000,10,10,1000,1000
308358752,0,0,0,-11.223611,10000,10,10,1000,1000
309062160,0,0,0,-11.476389,10000,10,10,1000,1000
309765888,0,0,0,-11.729167,10000,10,10,1000,1000
310469936,0,0,0,-11.977778,10000,10,10,1000,1000
311174304,0,0,0,-12.227778,10000,10,10,1000,1000
311878992,0,0,0,-12.476389,10000,10,10,1000,1000
312584500,0,0,0,-12.723611,10000,10,10,1000,1000
313290330,0,0,0,-12.973611,10000,10,10,1000,1000
313996482,0,0,0,-13.227778,10000,10,10,1000,1000
314702956,0,0,0,-13.481944,10000,10,10,1000,1000
315409752,0,0,0,-13.736111,10000,10,10,1000,1000
316117375,0,0,0,-13.9875,10000,10,10,1000,1000
316824816,0,0,0,-14.236111,10000,10,10,1000,1000
317533086,0,0,0,-14.4875,10000,10,10,1000,1000
318241680,0,0,0,-14.744444,10000,10,10,1000,1000
318951107,0,0,0,-14.993056,10000,10,10,1000,1000
319660350,0,0,0,-15.25,10000,10,10,1000,1000
320369917,0,0,0,-15.506944,10000,10,10,1000,1000
321080832,0,0,0,-15.759722,10000,10,10,1000,1000
321791562,0,0,0,-16.018056,10000,10,10,1000,1000
322502618,0,0,0,-16.269444,10000,10,10,1000,1000
323214515,0,0,0,-16.526389,10000,10,10,1000,1000
323926224,0,0,0,-16.779167,10000,10,10,1000,1000
324638259,0,0,0,-17.034722,10000,10,10,1000,1000
325351138,0,0,0,-17.291667,10000,10,10,1000,1000
326064345,0,0,0,-17.547222,10000,10,10,1000,1000
326777880,0,0,0,-17.806944,10000,10,10,1000,1000
327491743,0,0,0,-18.0625,10000,10,10,1000,1000
328205934,0,0,0,-18.316667,10000,10,10,1000,1000
328920453,0,0,0,-18.576389,10000,10,10,1000,1000
329635300,0,0,0,-18.829167,10000,10,10,1000,1000
330350475,0,0,0,-19.084722,10000,10,10,1000,1000
331065978,0,0,0,-19.343056,10000,10,10,1000,1000
331781809,0,0,0,-19.598611,10000,10,10,1000,1000
332498496,0,0,0,-19.858333,10000,10,10,1000,1000
333215513,0,0,0,-20.118056,10000,10,10,1000,1000
333933920,0,0,0,-20.377778,10000,10,10,1000,1000
334651599,0,0,0,-20.636111,10000,10,10,1000,1000
335370140,0,0,0,-20.891667,10000,10,10,1000,1000
336088480,0,0,0,-21.15,10000,10,10,1000,1000
336807150,0,0,0,-21.408333,10000,10,10,1000,1000
337526150,0,0,0,-21.668056,10000,10,10,1000,1000
338245480,0,0,0,-21.929167,10000,10,10,1000,1000
338966214,0,0,0,-22.1875,10000,10,10,1000,1000
339686744,0,0,0,-22.445833,10000,10,10,1000,1000
340408145,0,0,0,-22.706944,10000,10,10,1000,1000
341129340,0,0,0,-22.965278,10000,10,10,1000,1000
341850867,0,0,0,-23.226389,10000,10,10,1000,1000
342573810,0,0,0,-23.4875,10000,10,10,1000,1000
343296003,0,0,0,-23.75,10000,10,10,1000,1000
344018528,0,0,0,-24.006944,10000,10,10,1000,1000
344741930,0,0,0,-24.268056,10000,10,10,1000,1000
345465666,0,0,0,-24.526389,10000,10,10,1000,1000
346190283,0,0,0,-24.784722,10000,10,10,1000,1000
346915236,0,0,0,-25.047222,10000,10,10,1000,1000
347639976,0,0,0,-25.315278,10000,10,10,1000,1000
348365600,0,0,0,-25.579167,10000,10,10,1000,1000
349091560,0,0,0,-25.836111,10000,10,10,1000,1000
349817856,0,0,0,-26.098611,10000,10,10,1000,1000
350544488,0,0,0,-26.366667,10000,10,10,1000,1000
351272010,0,0,0,-26.627778,10000,10,10,1000,1000
351999315,0,0,0,-26.886111,10000,10,10,1000,1000
352727512,0,0,0,-27.154167,10000,10,10,1000,1000
353456047,0,0,0,-27.418056,10000,10,10,1000,1000
354184920,0,0,0,-27.681944,10000,10,10,1000,1000
354914131,0,0,0,-27.947222,10000,10,10,1000,1000
355643680,0,0,0,-28.208333,10000,10,10,1000,1000
356374128,0,0,0,-28.477778,10000,10,10,1000,1000
357104354,0,0,0,-28.736111,10000,10,10,1000,1000
357835481,0,0,0,-29.004167,10000,10,10,1000,1000
358566384,0,0,0,-29.268056,10000,10,10,1000,1000
359297625,0,0,0,-29.534722,10000,10,10,1000,1000
360029770,0,0,0,-29.798611,10000,10,10,1000,1000
360762255,0,0,0,-30.069444,10000,10,10,1000,1000
361495080,0,0,0,-30.329167,10000,10,10,1000,1000
362228814,0,0,0,-30.595833,10000,10,10,1000,1000
362962320,0,0,0,-30.865278,10000,10,10,1000,1000
363696166,0,0,0,-31.127778,10000,10,10,1000,1000
364430352,0,0,0,-31.397222,10000,10,10,1000,1000
365165451,0,0,0,-31.659722,10000,10,10,1000,1000
365901466,0,0,0,-31.929167,10000,10,10,1000,1000
366637250,0,0,0,-32.197222,10000,10,10,1000,1000
367373952,0,0,0,-32.466667,10000,10,10,1000,1000
368110998,0,0,0,-32.736111,10000,10,10,1000,1000
368848388,0,0,0,-33.004167,10000,10,10,1000,1000
369586122,0,0,0,-33.272222,10000,10,10,1000,1000
370324200,0,0,0,-33.540278,10000,10,10,1000,1000
371063203,0,0,0,-33.808333,10000,10,10,1000,1000
371801388,0,0,0,-34.077778,10000,10,10,1000,1000
372540498,0,0,0,-34.345833,10000,10,10,1000,1000
373279952,0,0,0,-34.616667,10000,10,10,1000,1000
374020335,0,0,0,-34.886111,10000,10,10,1000,1000
374760478,0,0,0,-35.156944,10000,10,10,1000,1000
375501552,0,0,0,-35.427778,10000,10,10,1000,1000
376242384,0,0,0,-35.698611,10000,10,10,1000,1000
376984738,0,0,0,-35.966667,10000,10,10,1000,1000
377726850,0,0,0,-36.2375,10000,10,10,1000,1000
378469308,0,0,0,-36.505556,10000,10,10,1000,1000
379212112,0,0,0,-36.775,10000,10,10,1000,1000
379955262,0,0,0,-37.043056,10000,10,10,1000,1000
380699352,0,0,0,-37.316667,10000,10,10,1000,1000
381443195,0,0,0,-37.588889,10000,10,10,1000,1000
382187980,0,0,0,-37.859722,10000,10,10,1000,1000
382933113,0,0,0,-38.136111,10000,10,10,1000,1000
383678594,0,0,0,-38.405556,10000,10,10,1000,1000
384425022,0,0,0,-38.675,10000,10,10,1000,1000
385171200,0,0,0,-38.947222,10000,10,10,1000,1000
385918327,0,0,0,-39.223611,10000,10,10,1000,1000
386666406,0,0,0,-39.497222,10000,10,10,1000,1000
387413631,0,0,0,-39.769444,10000,10,10,1000,1000
388161808,0,0,0,-40.045833,10000,10,10,1000,1000
388910940,0,0,0,-40.315278,10000,10,10,1000,1000
389659818,0,0,0,-40.593056,10000,10,10,1000,1000
390409653,0,0,0,-40.863889,10000,10,10,1000,1000
391159840,0,0,0,-41.140278,10000,10,10,1000,1000
391910379,0,0,0,-41.416667,10000,10,10,1000,1000
392661880,0,0,0,-41.694444,10000,10,10,1000,1000
393413124,0,0,0,-41.965278,10000,10,10,1000,1000
394165332,0,0,0,-42.247222,10000,10,10,1000,1000
394917894,0,0,0,-42.520833,10000,10,10,1000,1000
395670196,0,0,0,-42.793056,10000,10,10,1000,1000
396422850,0,0,0,-43.072222,10000,10,10,1000,1000
397175856,0,0,0,-43.345833,10000,10,10,1000,1000
397929831,0,0,0,-43.625,10000,10,10,1000,1000
398684160,0,0,0,-43.901389,10000,10,10,1000,1000
399438843,0,0,0,-44.176389,10000,10,10,1000,1000
400194500,0,0,0,-44.456944,10000,10,10,1000,1000
400949892,0,0,0,-44.729167,10000,10,10,1000,1000
401706260,0,0,0,-45.004167,10000,10,10,1000,1000
402462984,0,0,0,-45.286111,10000,10,10,1000,1000
403219440,0,0,0,-45.566667,10000,10,10,1000,1000
403976875,0,0,0,-45.841667,10000,10,10,1000,1000
404734666,0,0,0,-46.118056,10000,10,10,1000,1000
405492813,0,0,0,-46.395833,10000,10,10,1000,1000
406251944,0.000732,0,0,-46.675,10000,10,10,1000,1000
407011433,0.000732,0,0,-46.954167,10000,10,10,1000,1000
407771910,0.000732,0,0,-47.234722,10000,10,10,1000,1000
408532116,0.000732,0,0,-47.516667,10000,10,10,1000,1000
409292680,0.000732,0,0,-47.795833,10000,10,10,1000,1000
410053602,0.000732,0,0,-48.076389,10000,10,10,1000,1000
410814882,0.000732,0,0,-48.355556,10000,10,10,1000,1000
411576520,0.000732,0,0,-48.634722,10000,10,10,1000,1000
412339152,0.000732,0,0,-48.9125,10000,10,10,1000,1000
413102144,0.000732,0,0,-49.195833,10000,10,10,1000,1000
413865496,0.000732,0,0,-49.479167,10000,10,10,1000,1000
414629208,0.000732,0,0,-49.761111,10000,10,10,1000,1000
415392640,0.000732,0,0,-50.045833,10000,10,10,1000,1000
416157071,0.000732,0,0,-50.326389,10000,10,10,1000,1000
416921862,0.000732,0,0,-50.605556,10000,10,10,1000,1000
417687013,0.000732,0,0,-50.884722,10000,10,10,1000,1000
418452524,0.000732,0,0,-51.165278,10000,10,10,1000,1000
419218395,0.000732,0,0,-51.447222,10000,10,10,1000,1000
419985272,0.000732,0,0,-51.731944,10000,10,10,1000,1000
420752511,0.000732,0,0,-52.018056,10000,10,10,1000,1000
421520112,0.000732,0,0,-52.295833,10000,10,10,1000,1000
422288075,0.000732,0,0,-52.577778,10000,10,10,1000,1000
423057050,0.000732,0,0,-52.865278,10000,10,10,1000,1000
423826389,0.000732,0,0,-53.148611,10000,10,10,1000,1000
424596092,0.000732,0,0,-53.433333,10000,10,10,1000,1000
425365506,0.000732,0,0,-53.719444,10000,10,10,1000,1000
426135936,0.000732,0,0,-54,10000,10,10,1000,1000
426906730,0.000732,0,0,-54.2875,10000,10,10,1000,1000
427677888,0.000732,0,0,-54.568056,10000,10,10,1000,1000
428450067,0.000732,0,0,-54.855556,10000,10,10,1000,1000
429221954,0.000732,0,0,-55.1375,10000,10,10,1000,1000
429994864,0.000732,0,0,-55.429167,10000,10,10,1000,1000
430768140,0.000732,0,0,-55.7125,10000,10,10,1000,1000
431542443,0.000732,0,0,-55.997222,10000,10,10,1000,1000
432315790,0.000732,0,0,-56.2875,10000,10,10,1000,1000
433090164,0.000732,0,0,-56.566667,10000,10,10,1000,1000
433864904,0.000732,0,0,-56.856944,10000,10,10,1000,1000
434640010,0.000732,0,0,-57.140278,10000,10,10,1000,1000
435416148,0.000732,0,0,-57.427778,10000,10,10,1000,1000
436192654,0.000732,0,0,-57.720833,10000,10,10,1000,1000
436969528,0.000732,0,0,-58.006944,10000,10,10,1000,1000
437747439,0.000732,0,0,-58.291667,10000,10,10,1000,1000
438525050,0.000732,0,0,-58.576389,10000,10,10,1000,1000
439303029,0.000732,0,0,-58.865278,10000,10,10,1000,1000
440082048,0.000732,0,0,-59.158333,10000,10,10,1000,1000
440861437,0.000732,0,0,-59.448611,10000,10,10,1000,1000
441641196,0.000732,0,0,-59.7375,10000,10,10,1000,1000
442420650,0.000732,0,0,-60.026389,10000,10,10,1000,1000
443201148,0.000732,0,0,-60.311111,10000,10,10,1000,1000
443982016,0.000732,0,0,-60.598611,10000,10,10,1000,1000
444763254,0.000732,0,0,-60.884722,10000,10,10,1000,1000
445545541,0.000732,0,0,-61.177778,10000,10,10,1000,1000
446328880,0.000732,0,0,-61.470833,10000,10,10,1000,1000
447111912,0.000732,0,0,-61.763889,10000,10,10,1000,1000
447895316,0.000732,0,0,-62.056944,10000,10,10,1000,1000
448679092,0.000732,0,0,-62.348611,10000,10,10,1000,1000
449463924,0.000732,0,0,-62.6375,10000,10,10,1000,1000
450248445,0.000732,0,0,-62.925,10000,10,10,1000,1000
451034024,0.000732,0,0,-63.215278,10000,10,10,1000,1000
451819977,0.000732,0,0,-63.508333,10000,10,10,1000,1000
452606304,0.000732,0,0,-63.805556,10000,10,10,1000,1000
453393005,0.000732,0,0,-64.098611,10000,10,10,1000,1000
454180080,0.000732,0,0,-64.3875,10000,10,10,1000,1000
454967529,0.000732,0,0,-64.679167,10000,10,10,1000,1000
455756044,0.000732,0,0,-64.972222,10000,10,10,1000,1000
456544242,0.000732,0,0,-65.269444,10000,10,10,1000,1000
457333508,0.000732,0,0,-65.558333,10000,10,10,1000,1000
458123150,0.000732,0,0,-65.856944,10000,10,10,1000,1000
458913168,0.000732,0,0,-66.147222,10000,10,10,1000,1000
459704259,0.000732,0,0,-66.441667,10000,10,10,1000,1000
460495030,0.000732,0,0,-66.736111,10000,10,10,1000,1000
461286876,0.000732,0,0,-67.027778,10000,10,10,1000,1000
462078400,0.000732,0,0,-67.329167,10000,10,10,1000,1000
462871001,0.000732,0,0,-67.618056,10000,10,10,1000,1000
463663980,0.000732,0,0,-67.918056,10000,10,10,1000,1000
464456634,0.000732,0,0,-68.209722,10000,10,10,1000,1000
465250368,0.000732,0,0,-68.506944,10000,10,10,1000,1000
466044480,0.000732,0,0,-68.797222,10000,10,10,1000,1000
466838970,0.000732,0,0,-69.095833,10000,10,10,1000,1000
467634545,0.000732,0,0,-69.393056,10000,10,10,1000,1000
468430500,0.000732,0,0,-69.686111,10000,10,10,1000,1000
469226126,0.000732,0,0,-69.986111,10000,10,10,1000,1000
470022840,0.000732,0,0,-70.277778,10000,10,10,1000,1000
470819934,0.000732,0,0,-70.577778,10000,10,10,1000,1000
471616696,0.000732,0,0,-70.875,10000,10,10,1000,1000
472414549,0.000732,0,0,-71.169444,10000,10,10,1000,1000
473213496,0.000732,0,0,-71.466667,10000,10,10,1000,1000
474012110,0.000732,0,0,-71.768056,10000,10,10,1000,1000
474811104,0.000732,0,0,-72.065278,10000,10,10,1000,1000
475611195,0.000732,0,0,-72.359722,10000,10,10,1000,1000
476411668,0.000732,0,0,-72.655556,10000,10,10,1000,1000
477212523,0.000732,0,0,-72.955556,10000,10,10,1000,1000
478013760,0.000732,0,0,-73.256944,10000,10,10,1000,1000
478816100,0.000732,0,0,-73.558333,10000,10,10,1000,1000
479618824,0.000732,0,0,-73.856944,11000,10,10,1000,1000
480421932,0,0,0,-74.188889,11000,10,10,1000,1000
481226148,0.000732,0,0,-74.516667,12000,10,10,1000,1000
482029300,0.000732,0,0,-74.879167,12000,10,10,1000,1000
482833560,0.000732,0,0,-75.2375,13000,10,10,1000,1000
483638204,0.000732,0,0,-75.627778,13000,10,10,1000,1000
484443960,0.001465,0,0,-76.022222,14000,10,10,1000,1000
485250102,0.000732,0,0,-76.440278,14000,10,10,1000,1000
486056630,0,0,0,-76.859722,15000,10,10,1000,1000
486863544,-0.000732,0,0,-77.313889,15000,10,10,1000,1000
487670844,-0.003662,0,0,-77.769444,16000,10,10,1000,1000
488479263,-0.001465,0,0,-78.251389,16000,10,10,1000,1000
489287336,0.000732,0,0,-78.731944,17000,10,10,1000,1000
490096530,0.000732,0,0,-79.245833,17000,10,10,1000,1000
490905376,0,0,0,-79.7625,18000,10,10,1000,1000
491715345,0.000732,0,0,-80.304167,18000,10,10,1000,1000
492524964,0.000732,0,0,-80.848611,19000,10,10,1000,1000
493335708,0.000732,0,0,-81.425,19000,10,10,1000,1000
494146840,0.000732,0,0,-82.002778,20000,10,10,1000,1000
494958360,0.000732,0,0,-82.609722,20000,10,10,1000,1000
495771010,0.000732,0,0,-83.2125,20000,10,10,1000,1000
496583307,0.000732,0,0,-83.823611,20000,10,10,1000,1000
497396736,0.000732,0,0,-84.431944,20000,10,10,1000,1000
498210555,0.000732,0,0,-85.040278,20000,10,10,1000,1000
499024764,0.000732,0,0,-85.652778,20000,10,10,1000,1000
499839363,0.000732,0,0,-86.263889,20000,10,10,1000,1000
500655100,0.000732,0,0,-86.870833,20000,10,10,1000,1000
501470480,0.000732,0,0,-87.484722,20000,10,10,1000,1000
502287000,0.000732,0,0,-88.095833,20000,10,10,1000,1000
503103912,0.000732,0,0,-88.706944,20000,10,10,1000,1000
503921216,0.000732,0,0,-89.320833,20000,10,10,1000,1000
504738912,0.000732,0,0,-89.934722,20000,10,10,1000,1000
505557000,0.000732,0,0,-90.547222,20000,10,10,1000,1000
506376235,0.000732,0,0,-91.161111,20000,10,10,1000,1000
507195108,0.000732,0,0,-91.775,20000,10,10,1000,1000
508014373,0.000732,0,0,-92.388889,20000,10,10,1000,1000
508834030,0.000732,0,0,-92.998611,20000,10,10,1000,1000
509654838,0.000732,0,0,-93.615278,20000,10,10,1000,1000
510476040,0.000732,0,0,-94.233333,20000,10,10,1000,1000
511297636,0.000732,0,0,-94.845833,20000,10,10,1000,1000
512120388,0.000732,0,0,-95.4625,20000,10,10,1000,1000
512942773,0.000732,0,0,-96.083333,20000,10,10,1000,1000
513766316,0.000732,0,0,-96.697222,20000,10,10,1000,1000
514590255,0.000732,0,0,-97.315278,20000,10,10,1000,1000
515413824,0.000732,0,0,-97.934722,20000,10,10,1000,1000
516238554,0.000732,0,0,-98.552778,20000,10,10,1000,1000
517063680,0.000732,0,0,-99.170833,20000,10,10,1000,1000
517889971,0.000732,0,0,-99.791667,20000,10,10,1000,1000
518715890,0.000732,0,0,-100.4125,20000,10,10,1000,1000
519542976,0.000732,0,0,-101.030556,20000,10,10,1000,1000
520369688,0.000732,0,0,-101.652778,20000,10,10,1000,1000
521197569,0.000732,0,0,-101.038889,20000,10,10,1000,1000
522025848,0.000732,0,0,-100.418056,20000,10,10,1000,1000
522854525,0.000732,0,0,-99.794444,20000,10,10,1000,1000
523683600,0.000732,0,0,-99.172222,20000,10,10,1000,1000
524513850,0.000732,0,0,-99.788889,20000,10,10,1000,1000
525344500,0.000732,0,0,-100.413889,20000,10,10,1000,1000
526174771,0.000732,0,0,-101.036111,20000,10,10,1000,1000
527006220,0.000732,0,0,-101.661111,20000,10,10,1000,1000
527838069,0.000732,0,0,-101.040278,20000,10,10,1000,1000
528670318,0.000732,0,0,-100.418056,20000,10,10,1000,1000
529502967,0.000732,0,0,-99.791667,20000,10,10,1000,1000
530336016,0.000732,0,0,-99.165278,20000,10,10,1000,1000
531170250,0.000732,0,0,-99.786111,20000,10,10,1000,1000
532004100,0.000732,0,0,-100.4125,20000,10,10,1000,1000
532839137,0.000732,0,0,-101.0375,20000,10,10,1000,1000
533674576,0.000732,0,0,-101.665278,20000,10,10,1000,1000
534510417,0.000732,0,0,-101.043056,20000,10,10,1000,1000
535346660,0.000732,0,0,-100.418056,20000,10,10,1000,1000
536183305,0.000732,0,0,-99.788889,20000,10,10,1000,1000
537020352,0.000732,0,0,-99.159722,20000,10,10,1000,1000
537860180,0.000732,0,0,-99.783333,20000,10,10,1000,1000
538698034,0.000732,0,0,-100.416667,20000,10,10,1000,1000
539537085,0.000732,0,0,-101.045833,20000,10,10,1000,1000
540376540,0.000732,0,0,-101.675,20000,10,10,1000,1000
541216399,0.000732,0,0,-101.05,20000,10,10,1000,1000
542056662,0.000732,0,0,-100.419444,20000,10,10,1000,1000
542898128,0.000732,0,0,-99.790278,20000,10,10,1000,1000
543739200,0.000732,0,0,-99.156944,20000,10,10,1000,1000
544581477,0.000732,0,0,-99.783333,20000,10,10,1000,1000
545424962,0.000732,0,0,-100.416667,20000,10,10,1000,1000
546268855,0.000732,0,0,-101.052778,20000,10,10,1000,1000
547112352,0.000732,0,0,-101.691667,20000,10,10,1000,1000
547956255,0.000732,0,0,-101.061111,20000,10,10,1000,1000
548800564,0.000732,0,0,-100.429167,20000,10,10,1000,1000
549646086,0.000732,0,0,-99.793056,20000,10,10,1000,1000
550492016,0.000732,0,0,-99.155556,20000,10,10,1000,1000
551338354,0.000732,0,0,-99.784722,20000,10,10,1000,1000
552185100,0.000732,0,0,-100.422222,20000,10,10,1000,1000
553033065,0.000732,0,0,-101.058333,20000,10,10,1000,1000
553880628,0.000732,0,0,-101.702778,20000,10,10,1000,1000
554728599,0.000732,0,0,-101.066667,20000,10,10,1000,1000
555576978,0.000732,0,0,-100.431944,20000,10,10,1000,1000
556426580,0.000732,0,0,-99.793056,20000,10,10,1000,1000
557276592,0.000732,0,0,-99.152778,20000,10,10,1000,1000
558127014,0.001465,0,0,-99.786111,20000,10,10,1000,1000
558977028,0.001465,0,0,-100.426389,20000,10,10,1000,1000
559829088,0.001465,0,0,-101.066667,20000,10,10,1000,1000
560680740,0.001465,0,0,-101.711111,20000,10,10,1000,1000
561533623,0.000732,0,0,-101.075,20000,10,10,1000,1000
562386096,0.000732,0,0,-100.433333,20000,10,10,1000,1000
563239802,0.000732,0,0,-99.791667,20000,10,10,1000,1000
564093920,0.000732,0,0,-99.144444,20000,10,10,1000,1000
564948450,0.000732,0,0,-99.780556,20000,10,10,1000,1000
565803392,0.000732,0,0,-100.425,20000,10,10,1000,1000
566659573,0.000732,0,0,-101.068056,20000,10,10,1000,1000
567515340,0.000732,0,0,-101.713889,20000,10,10,1000,1000
568373177,0.001465,0,0,-101.072222,20000,10,10,1000,1000
569230600,0.001465,0,0,-100.420833,20000,10,10,1000,1000
570088437,0.001465,0,0,-99.779167,20000,10,10,1000,1000
570946688,0.001465,0,0,-99.130556,20000,10,10,1000,1000
571805353,0.000732,0,0,-99.772222,20000,10,10,1000,1000
572665266,0.000732,0,0,-100.419444,20000,10,10,1000,1000
573524760,0.000732,0,0,-101.066667,20000,10,10,1000,1000
574385504,0.000732,0,0,-101.716667,20000,10,10,1000,1000
575246664,0.000732,0,0,-101.072222,20000,10,10,1000,1000
576107402,0.000732,0,0,-100.423611,20000,10,10,1000,1000
576969393,0.000732,0,0,-99.775,20000,10,10,1000,1000
577833480,0.000732,0,0,-99.120833,20000,10,10,1000,1000
578696305,0.000732,0,0,-99.772222,20000,10,10,1000,1000
579560388,0.000732,0,0,-100.423611,20000,10,10,1000,1000
580424046,0.000732,0,0,-101.073611,20000,10,10,1000,1000
581288964,0.000732,0,0,-101.727778,20000,10,10,1000,1000
582154300,0.000732,0,0,-101.080556,20000,10,10,1000,1000
583020054,0.000732,0,0,-100.429167,20000,10,10,1000,1000
583886226,0.000732,0,0,-99.776389,20000,10,10,1000,1000
584753664,0.000732,0,0,-99.119444,20000,10,10,1000,1000
585620673,0.000732,0,0,-99.769444,20000,10,10,1000,1000
586488950,0.000732,0,0,-100.423611,20000,10,10,1000,1000
587356796,0.000732,0,0,-101.077778,20000,10,10,1000,1000
588226764,0.000732,0,0,-101.736111,20000,10,10,1000,1000
589096301,0.000732,0,0,-101.083333,20000,10,10,1000,1000
589966258,0.000732,0,0,-100.430556,20000,10,10,1000,1000
590838345,0.000732,0,0,-99.769444,20000,10,10,1000,1000
591710000,0.000732,0,0,-99.106944,20000,10,10,1000,1000
592582934,0.000732,0,0,-99.759722,20000,10,10,1000,1000
593454576,0.000732,0,0,-100.419444,20000,10,10,1000,1000
594327497,0.000732,0,0,-101.077778,20000,10,10,1000,1000
595201700,0.000732,0,0,-101.7375,20000,10,10,1000,1000
596075466,0.000732,0,0,-101.080556,20000,10,10,1000,1000
596948792,0.000732,0,0,-100.422222,20000,10,10,1000,1000
597824264,0.000732,0,0,-99.763889,20000,10,10,1000,1000
598699296,0.000732,0,0,-99.098611,20000,10,10,1000,1000
599574750,0.000732,0,0,-99.755556,20000,10,10,1000,1000
600451492,0.000732,0,0,-100.419444,20000,10,10,1000,1000
601328658,0.000732,0,0,-101.079167,20000,10,10,1000,1000
602206248,0.000732,0,0,-101.744444,20000,10,10,1000,1000
603084262,0.000732,0,0,-101.084722,20000,10,10,1000,1000
603962700,0.000732,0,0,-100.422222,20000,10,10,1000,1000
604845046,0.000732,0,0,-99.751389,20000,10,10,1000,1000
605725208,0.000732,0,0,-99.080556,20000,10,10,1000,1000
606605796,0.000732,0,0,-99.743056,20000,10,10,1000,1000
607485936,0.000732,0,0,-100.406944,20000,10,10,1000,1000
608367375,0.000732,0,0,-101.070833,20000,10,10,1000,1000
609249240,0.000732,0,0,-101.738889,20000,10,10,1000,1000
610132408,0.000732,0,0,-101.077778,20000,10,10,1000,1000
611015126,0.000732,0,0,-100.4125,20000,10,10,1000,1000
611900028,0.000732,0,0,-99.743056,20000,10,10,1000,1000
612783600,0.000732,0,0,-99.072222,20000,10,10,1000,1000
613668479,0.000732,0,0,-99.734722,20000,10,10,1000,1000
614553786,0.000732,0,0,-100.402778,20000,10,10,1000,1000
615439521,0.000732,0,0,-101.069444,20000,10,10,1000,1000
616325684,0.000732,0,0,-101.743056,20000,10,10,1000,1000
617212275,0.000732,0,0,-101.079167,20000,10,10,1000,1000
618099294,0.000732,0,0,-100.409722,20000,10,10,1000,1000
618990289,0.000732,0,0,-99.727778,20000,10,10,1000,1000
619879944,0.000732,0,0,-99.055556,20000,10,10,1000,1000
620768253,0.000732,0,0,-99.722222,20000,10,10,1000,1000
621657880,0.000732,0,0,-100.395833,20000,10,10,1000,1000
622547937,0.000732,0,0,-101.063889,20000,10,10,1000,1000
623438424,0.000732,0,0,-101.738889,20000,10,10,1000,1000
624330234,0.000732,0,0,-101.070833,20000,10,10,1000,1000
625222476,0.000732,0,0,-100.398611,20000,10,10,1000,1000
626115150,0.000732,0,0,-99.719444,20000,10,10,1000,1000
627008256,0.000732,0,0,-99.045833,20000,10,10,1000,1000
627901794,0.000732,0,0,-99.715278,20000,10,10,1000,1000
628795764,0.000732,0,0,-100.393056,20000,10,10,1000,1000
629690166,0.000732,0,0,-101.065278,20000,10,10,1000,1000
630586800,0.000732,0,0,-101.747222,20000,10,10,1000,1000
631482969,0.000732,0,0,-101.072222,20000,10,10,1000,1000
632379572,0.000732,0,0,-100.4,20000,10,10,1000,1000
633275706,0.000732,0,0,-99.720833,20000,10,10,1000,1000
634174984,0.000732,0,0,-99.036111,20000,10,10,1000,1000
635072890,0.000732,0,0,-99.709722,20000,10,10,1000,1000
635973042,0.000732,0,0,-100.388889,20000,10,10,1000,1000
636871818,0.000732,0,0,-101.069444,20000,10,10,1000,1000
637771028,0.000732,0,0,-101.751389,20000,10,10,1000,1000
638671581,0.000732,0,0,-101.076389,20000,10,10,1000,1000
639573480,0.000732,0,0,-100.397222,20000,10,10,1000,1000
640473995,0.000732,0,0,-99.7125,20000,10,10,1000,1000
641375856,0.000732,0,0,-99.030556,20000,10,10,1000,1000
642278153,0.000732,0,0,-99.708333,20000,10,10,1000,1000
643180886,0.000732,0,0,-100.390278,20000,10,10,1000,1000
644084055,0.000732,0,0,-101.069444,20000,10,10,1000,1000
644988576,0.000732,0,0,-101.752778,20000,10,10,1000,1000
645895369,0.001465,0,0,-101.072222,20000,10,10,1000,1000
646799850,0.001465,0,0,-100.386111,20000,10,10,1000,1000
647707524,0.001465,0,0,-99.7,20000,10,10,1000,1000
648614720,0.001465,0,0,-99.0125,20000,10,10,1000,1000
649522356,0.000732,0,0,-99.693056,20000,10,10,1000,1000
650429510,0.000732,0,0,-100.383333,20000,10,10,1000,1000
651337102,0.000732,0,0,-101.068056,20000,10,10,1000,1000
652246056,0.000732,0,0,-101.754167,20000,10,10,1000,1000
653155450,0.000732,0,0,-101.073611,20000,10,10,1000,1000
654066210,0.000732,0,0,-100.390278,20000,10,10,1000,1000
654977412,0.000732,0,0,-99.698611,20000,10,10,1000,1000
655887200,0.000732,0,0,-99.006944,20000,10,10,1000,1000
656799284,0.000732,0,0,-99.690278,20000,10,10,1000,1000
657710880,0.000732,0,0,-100.377778,20000,10,10,1000,1000
658622916,0.000732,0,0,-101.065278,20000,10,10,1000,1000
659536324,0.000732,0,0,-101.755556,20000,10,10,1000,1000
660450174,0.000732,0,0,-101.072222,20000,10,10,1000,1000
661365400,0.000732,0,0,-100.380556,20000,10,10,1000,1000
662283875,0.000732,0,0,-99.676389,20000,10,10,1000,1000
663200928,0.000732,0,0,-98.979167,20000,10,10,1000,1000
664117490,0.001465,0,0,-99.668056,20000,10,10,1000,1000
665035434,0.001465,0,0,-100.361111,20000,10,10,1000,1000
665951946,0.001465,0,0,-101.055556,20000,10,10,1000,1000
666870780,0.001465,0,0,-101.752778,20000,10,10,1000,1000
667789119,0.000732,0,0,-101.061111,20000,10,10,1000,1000
668708844,0.000732,0,0,-100.366667,19000,10,10,1000,1000
669629958,0.000732,0,0,-99.705556,19000,10,10,1000,1000
670549632,0.000732,0,0,-99.040278,18000,10,10,1000,1000
671470695,0.001465,0,0,-99.6625,18000,10,10,1000,1000
672392204,0.000732,0,0,-100.290278,17000,10,10,1000,1000
673314159,-0.002197,0,0,-100.881944,17000,10,10,1000,1000
674238456,0.001465,0,0,-101.479167,16000,10,10,1000,1000
675163203,0.000732,0,0,-100.923611,16000,10,10,1000,1000
676086500,0,0,0,-100.365278,15000,10,10,1000,1000
677010243,0,0,0,-99.843056,15000,10,10,1000,1000
677935384,0.000732,0,0,-99.318056,14000,10,10,1000,1000
678860973,0.001465,0,0,-99.801389,14000,10,10,1000,1000
679787010,-0.001465,0,0,-100.288889,13000,10,10,1000,1000
680713495,0.000732,0,0,-100.75,13000,10,10,1000,1000
681640428,0.000732,0,0,-101.201389,12000,10,10,1000,1000
682568766,0.000732,0,0,-100.781944,12000,10,10,1000,1000
683496596,0.000732,0,0,-100.363889,11000,10,10,1000,1000
684425833,-0.000732,0,0,-99.977778,11000,10,10,1000,1000
685355520,0.000732,0,0,-99.597222,10000,10,10,1000,1000
686285657,0.000732,0,0,-99.938889,10000,10,10,1000,1000
687217206,0.000732,0,0,-100.295833,9000,10,10,1000,1000
688148244,0.000732,0,0,-100.606944,9000,10,10,1000,1000
689081660,0.000732,0,0,-100.925,8000,10,10,1000,1000
690013600,0.000732,0,0,-100.645833,8000,10,10,1000,1000
690946956,0.000732,0,0,-100.368056,7000,10,10,1000,1000
691881731,0.000732,0,0,-100.120833,7000,10,10,1000,1000
692815024,0.000732,0,0,-99.875,6000,10,10,1000,1000
693751674,0.000732,0,0,-99.661111,6000,10,10,1000,1000
694687810,0.000732,0,0,-99.45,5000,10,10,1000,1000
695625371,0.000732,0,0,-99.619444,5000,10,10,1000,1000
696561444,0.000732,0,0,-99.795833,4000,10,10,1000,1000
697498942,0.000732,0,0,-99.9375,4000,10,10,1000,1000
698436894,0.000732,0,0,-100.079167,3000,10,10,1000,1000
699375300,0.000732,0,0,-100.186111,3000,10,10,1000,1000
700314160,0.000732,0,0,-100.293056,2000,10,10,1000,1000
701255428,0.000732,0,0,-100.225,2000,10,10,1000,1000
702195198,0.000732,0,0,-100.154167,1000,10,10,1000,1000
703137380,0.000732,0,0,-100.118056,1000,10,10,1000,1000
704079040,0.000732,0,0,-100.083333,0,10,10,1000,1000
705021156,0.000732,0,0,-100.080556,0,10,10,1000,1000
705963728,0.000732,0,0,-100.079167,0,10,10,1000,1000
706906756,0.000732,0,0,-100.077778,0,10,10,1000,1000
707850240,0.000732,0,0,-100.077778,0,10,10,1000,1000
708794180,0.000732,0,0,-100.076389,0,10,10,1000,1000
709738576,0.000732,0,0,-100.075,0,10,10,1000,1000
710684415,0.000732,0,0,-100.072222,0,10,10,1000,1000
711629724,0.000732,0,0,-100.070833,0,10,10,1000,1000
712576478,0.000732,0,0,-100.069444,0,10,10,1000,1000
713523690,0.000732,0,0,-100.068056,0,10,10,1000,1000
714471360,0.000732,0,0,-100.066667,0,10,10,1000,1000
715419488,0.000732,0,0,-100.066667,0,10,10,1000,1000
716369067,0.000732,0,0,-100.063889,0,10,10,1000,1000
717320100,0.000732,0,0,-100.0625,0,10,10,1000,1000
718269605,0.000732,0,0,-100.059722,0,10,10,1000,1000
719222556,0.000732,0,0,-100.058333,0,10,10,1000,1000
720172980,0.000732,0,0,-100.058333,0,10,10,1000,1000
721124860,0.000732,0,0,-100.056944,0,10,10,1000,1000
722077200,0.000732,0,0,-100.055556,0,10,10,1000,1000
723033000,0.000732,0,0,-100.054167,0,10,10,1000,1000
723986263,0.000732,0,0,-100.051389,0,10,10,1000,1000
724940988,0.000732,0,0,-100.05,0,10,10,1000,1000
725896175,0.000732,0,0,-100.048611,0,10,10,1000,1000
726852828,0.000732,0,0,-100.047222,0,10,10,1000,1000
727809945,0.000732,0,0,-100.047222,0,10,10,1000,1000
728767526,0.000732,0,0,-100.045833,0,10,10,1000,1000
729724564,0.000732,0,0,-100.044444,0,10,10,1000,1000
730683072,0.000732,0,0,-100.041667,0,10,10,1000,1000
731643053,0.000732,0,0,-100.040278,0,10,10,1000,1000
732601480,0.000732,0,0,-100.038889,0,10,10,1000,1000
733561380,0.000732,0,0,-100.0375,0,10,10,1000,1000
734521744,0.000732,0,0,-100.0375,0,10,10,1000,1000
735484598,0.000732,0,0,-100.036111,0,10,10,1000,1000
736446906,0.000732,0,0,-100.033333,0,10,10,1000,1000
737409680,0.000732,0,0,-100.031944,0,10,10,1000,1000
738371904,0.000732,0,0,-100.030556,0,10,10,1000,1000
739335609,0.000732,0,0,-100.029167,0,10,10,1000,1000
740301816,0.000732,0,0,-100.027778,0,10,10,1000,1000
741267474,0.000732,0,0,-100.026389,0,10,10,1000,1000
742232580,0.000732,0,0,-100.025,0,10,10,1000,1000
743198152,0.000732,0,0,-100.023611,0,10,10,1000,1000
744165212,0.000732,0,0,-100.020833,0,10,10,1000,1000
745131717,0.000732,0,0,-100.019444,0,10,10,1000,1000
746100736,0.000732,0,0,-100.018056,0,10,10,1000,1000
747070225,0.000732,0,0,-100.018056,0,10,10,1000,1000
748039158,0.000732,0,0,-100.016667,0,10,10,1000,1000
749007532,0.000732,0,0,-100.015278,0,10,10,1000,1000
749979456,0.000732,0,0,-100.0125,0,10,10,1000,1000
750951852,0.000732,0,0,-100.011111,0,10,10,1000,1000
751924720,0.000732,0,0,-100.009722,0,10,10,1000,1000
752897029,0.000732,0,0,-100.008333,0,10,10,1000,1000
753868776,0.000732,0,0,-100.006944,0,10,10,1000,1000
754842024,0.000732,0,0,-100.005556,0,10,10,1000,1000
755817810,0.000732,0,0,-100.004167,0,10,10,1000,1000
756792000,0.000732,0,0,-100.002778,0,10,10,1000,1000
757770804,0.000732,0,0,-100,0,10,10,1000,1000
758748012,0.000732,0,0,-99.998611,0,10,10,1000,1000
759724656,0.000732,0,0,-99.998611,0,10,10,1000,1000
760702811,0.000732,0,0,-99.998611,0,10,10,1000,1000
761681440,0.000732,0,0,-100,0,10,10,1000,1000
762660543,0.000732,0,0,-100.001389,0,10,10,1000,1000
763640120,0.000732,0,0,-100.002778,0,10,10,1000,1000
764622257,0.000732,0,0,-100.002778,0,10,10,1000,1000
765602784,0.000732,0,0,-100,0,10,10,1000,1000
766582740,0.000732,0,0,-99.998611,0,10,10,1000,1000
767563168,0.000732,0,0,-99.998611,0,10,10,1000,1000
768545115,0.000732,0,0,-99.998611,0,10,10,1000,1000
769527536,0.000732,0,0,-100,0,10,10,1000,1000
770510431,0.000732,0,0,-100.001389,0,10,10,1000,1000
771494850,0.000732,0,0,-100.002778,0,10,10,1000,1000
772478694,0.000732,0,0,-100.002778,0,10,10,1000,1000
773463012,0.000732,0,0,-100,0,10,10,1000,1000
774454122,0.000732,0,0,-99.998611,0,10,10,1000,1000
775440448,0.000732,0,0,-99.998611,0,10,10,1000,1000
776427250,0.000732,0,0,-99.998611,0,10,10,1000,1000
777414528,0.000732,0,0,-100,0,10,10,1000,1000
778403339,0.000732,0,0,-100.001389,0,10,10,1000,1000
779391570,0.000732,0,0,-100.002778,0,10,10,1000,1000
780382395,0.000732,0,0,-100.002778,0,10,10,1000,1000
781371580,0.000732,0,0,-100,0,10,10,1000,1000
782364424,0.000732,0,0,-99.998611,0,10,10,1000,1000
783355626,0.000732,0,0,-99.998611,0,10,10,1000,1000
784347306,0.000732,0,0,-99.998611,0,10,10,1000,1000
785339464,0.000732,0,0,-100,0,10,10,1000,1000
786332100,0.000732,0,0,-100.001389,0,10,10,1000,1000
787325214,0.000732,0,0,-100.004167,0,10,10,1000,1000
788320940,0.000732,0,0,-100.002778,0,10,10,1000,1000
789315012,0.000732,0,0,-100,0,10,10,1000,1000
790311700,0.000732,0,0,-99.998611,0,10,10,1000,1000
791307800,0.000732,0,0,-99.998611,0,10,10,1000,1000
792305451,0.000732,0,0,-99.998611,0,10,10,1000,1000
